"","prompt","guidance","inf_steps","xtra_prompt","guide_image_bin","image"
"1","houseing",3.6,71,1,0,"none"
"2","weather",3,166,1,0,"none"
"3","weather",11.5,58,0,1,"forest"
"4","bankruptcy",6.3,179,1,0,"none"
"5","weather",1.2,64,0,0,"none"
"6","bankruptcy",11.3,85,1,0,"none"
"7","weather",19.5,83,0,0,"none"
"8","weather",8.1,56,1,0,"none"
"9","houseing",3.9,78,1,1,"coinstack"
"10","houseing",3.5,55,0,0,"none"
"11","bankruptcy",15,65,0,1,"boxes"
"12","bankruptcy",19.1,60,0,0,"none"
"13","weather",11.4,59,0,0,"none"
"14","houseing",12,177,1,0,"none"
"15","houseing",0.9,221,0,1,"coinstack"
"16","weather",11.1,105,0,1,"forest"
"17","houseing",4.9,151,1,0,"none"
"18","weather",4.4,109,1,1,"forest"
"19","houseing",14.7,179,0,0,"none"
"20","weather",11.1,75,0,1,"forest"
"21","bankruptcy",6.9,88,1,1,"boxes"
"22","houseing",17.1,51,1,0,"none"
"23","bankruptcy",1.9,129,0,0,"none"
"24","bankruptcy",7.9,207,1,0,"none"
"25","weather",10.9,205,0,0,"none"
"26","houseing",4.9,162,1,0,"none"
"27","bankruptcy",13.3,61,0,0,"none"
"28","weather",6.6,231,0,0,"none"
"29","weather",1.4,124,1,1,"forest"
"30","bankruptcy",14.4,162,0,1,"boxes"
"31","houseing",7.1,58,0,0,"none"
"32","houseing",17.3,53,1,1,"coinstack"
"33","bankruptcy",6.6,186,0,1,"boxes"
"34","weather",18.4,145,0,0,"none"
"35","houseing",1.3,64,1,0,"none"
"36","houseing",2.9,226,1,0,"none"
"37","weather",19.8,91,0,0,"none"
"38","weather",6.8,189,0,1,"forest"
"39","weather",11.9,156,0,1,"forest"
"40","bankruptcy",2.6,63,0,0,"none"
"41","houseing",6.9,57,1,0,"none"
"42","bankruptcy",2.2,97,0,0,"none"
"43","bankruptcy",0.7,72,1,0,"none"
"44","bankruptcy",6.8,224,1,1,"boxes"
"45","houseing",2.5,66,1,0,"none"
"46","houseing",14.8,60,1,1,"coinstack"
"47","bankruptcy",18,82,1,1,"boxes"
"48","bankruptcy",15.4,80,1,0,"none"
"49","bankruptcy",3.9,107,1,1,"boxes"
"50","houseing",12.7,176,0,1,"coinstack"
"51","bankruptcy",16.3,58,0,0,"none"
"52","bankruptcy",4.2,151,1,0,"none"
"53","weather",8.1,62,0,0,"none"
"54","houseing",3.9,51,0,1,"coinstack"
"55","weather",9.5,86,1,0,"none"
"56","bankruptcy",1.7,103,0,1,"boxes"
"57","bankruptcy",16.9,63,1,0,"none"
"58","bankruptcy",19.8,117,1,1,"boxes"
"59","bankruptcy",3.9,78,1,1,"boxes"
"60","weather",16.8,81,0,1,"forest"
"61","houseing",19,131,0,1,"coinstack"
"62","bankruptcy",2.4,206,1,0,"none"
"63","weather",14.3,56,1,1,"forest"
"64","weather",11.9,236,0,0,"none"
"65","weather",6.4,203,1,0,"none"
"66","houseing",11.6,105,0,1,"coinstack"
"67","houseing",16.1,108,0,1,"coinstack"
"68","houseing",15,95,1,1,"coinstack"
"69","bankruptcy",17.1,157,0,1,"boxes"
"70","houseing",13.3,54,1,1,"coinstack"
"71","bankruptcy",7.6,218,0,0,"none"
"72","houseing",17.7,99,0,1,"coinstack"
"73","weather",10.5,224,0,1,"forest"
"74","houseing",3.8,143,1,1,"coinstack"
"75","houseing",13.6,53,0,1,"coinstack"
"76","bankruptcy",18.3,67,0,0,"none"
"77","bankruptcy",11.8,106,0,0,"none"
"78","houseing",9.2,114,1,0,"none"
"79","houseing",11.1,208,1,1,"coinstack"
"80","bankruptcy",1.5,90,1,1,"boxes"
"81","bankruptcy",7.5,231,0,1,"boxes"
"82","houseing",19.9,173,1,0,"none"
"83","houseing",15.8,103,0,1,"coinstack"
"84","houseing",15.5,54,1,0,"none"
"85","houseing",3.6,138,0,0,"none"
"86","weather",16.6,143,1,1,"forest"
"87","bankruptcy",13.8,107,1,1,"boxes"
"88","houseing",8.4,138,0,0,"none"
"89","weather",2.1,61,1,1,"forest"
"90","weather",8.4,76,0,1,"forest"
"91","bankruptcy",10,159,0,0,"none"
"92","bankruptcy",0.7,139,1,1,"boxes"
"93","weather",6.8,89,1,1,"forest"
"94","weather",15.3,116,0,0,"none"
"95","weather",17.6,114,0,1,"forest"
"96","houseing",7,140,0,1,"coinstack"
"97","houseing",10.3,86,1,0,"none"
"98","bankruptcy",11,174,0,1,"boxes"
"99","houseing",9,186,0,1,"coinstack"
"100","houseing",16,95,1,1,"coinstack"
"101","weather",6.6,68,1,1,"forest"
"102","bankruptcy",2.7,68,1,0,"none"
"103","weather",2.3,245,0,0,"none"
"104","houseing",16.3,109,0,1,"coinstack"
"105","weather",15.4,71,1,0,"none"
"106","houseing",7.1,243,1,1,"coinstack"
"107","bankruptcy",13.2,75,1,0,"none"
"108","bankruptcy",18.2,137,0,0,"none"
"109","bankruptcy",13.8,140,1,1,"boxes"
"110","houseing",5.4,103,0,0,"none"
"111","weather",6.3,179,0,1,"forest"
"112","weather",2.3,95,0,0,"none"
"113","houseing",18.8,167,0,1,"coinstack"
"114","houseing",10.8,68,0,1,"coinstack"
"115","weather",10.7,242,0,0,"none"
"116","houseing",5.9,65,0,0,"none"
"117","bankruptcy",18.1,232,1,1,"boxes"
"118","bankruptcy",2.2,101,0,1,"boxes"
"119","weather",18.3,197,0,0,"none"
"120","bankruptcy",1.2,231,1,1,"boxes"
"121","bankruptcy",13.1,169,0,0,"none"
"122","weather",4.9,105,1,1,"forest"
"123","bankruptcy",5.6,83,1,1,"boxes"
"124","weather",12.9,120,0,1,"forest"
"125","weather",18.2,214,0,1,"forest"
"126","houseing",15.3,111,0,1,"coinstack"
"127","bankruptcy",7.6,159,0,1,"boxes"
"128","weather",8.1,53,0,1,"forest"
"129","houseing",19.9,110,1,0,"none"
"130","weather",15.5,184,0,0,"none"
"131","weather",7.5,136,0,0,"none"
"132","houseing",16.9,102,0,1,"coinstack"
"133","weather",19.6,62,0,0,"none"
"134","bankruptcy",12.5,86,1,0,"none"
"135","houseing",8.3,198,0,0,"none"
"136","weather",14.4,208,1,0,"none"
"137","houseing",18.4,85,0,0,"none"
"138","bankruptcy",2.6,97,1,1,"boxes"
"139","weather",5.6,129,1,1,"forest"
"140","houseing",16.8,60,1,0,"none"
"141","bankruptcy",3.4,119,0,0,"none"
"142","bankruptcy",17,57,0,1,"boxes"
"143","houseing",5.3,108,1,1,"coinstack"
"144","weather",17.1,161,0,0,"none"
"145","weather",15.8,117,0,1,"forest"
"146","bankruptcy",7.8,101,1,0,"none"
"147","weather",17.9,64,0,1,"forest"
"148","weather",19.6,190,1,1,"forest"
"149","weather",1.6,167,1,0,"none"
"150","bankruptcy",11.3,219,1,1,"boxes"
"151","weather",4.4,175,1,0,"none"
"152","weather",12.5,81,1,0,"none"
"153","houseing",6.1,102,1,0,"none"
"154","bankruptcy",8.5,52,1,0,"none"
"155","bankruptcy",11.2,238,0,0,"none"
"156","bankruptcy",6.7,65,0,1,"boxes"
"157","houseing",4.3,103,0,0,"none"
"158","bankruptcy",8.6,246,1,1,"boxes"
"159","weather",19.5,76,0,1,"forest"
"160","weather",10,68,0,0,"none"
"161","weather",14.8,55,0,1,"forest"
"162","weather",3.3,118,1,1,"forest"
"163","weather",13.6,132,0,0,"none"
"164","houseing",19.4,129,1,0,"none"
"165","houseing",15.4,73,0,0,"none"
"166","bankruptcy",7.8,79,0,0,"none"
"167","bankruptcy",15,71,0,1,"boxes"
"168","houseing",3,89,0,1,"coinstack"
"169","weather",11.5,88,1,1,"forest"
"170","weather",16.7,176,1,0,"none"
"171","houseing",4,105,0,1,"coinstack"
"172","weather",17.4,95,0,0,"none"
"173","weather",15.4,52,0,1,"forest"
"174","bankruptcy",5.4,52,0,0,"none"
"175","bankruptcy",1.5,158,0,1,"boxes"
"176","bankruptcy",1.1,74,0,1,"boxes"
"177","weather",16.7,73,1,1,"forest"
"178","houseing",14.7,127,0,1,"coinstack"
"179","weather",13.6,63,1,0,"none"
"180","houseing",2.8,64,0,1,"coinstack"
"181","bankruptcy",2.1,185,0,0,"none"
"182","houseing",3.5,194,1,1,"coinstack"
"183","weather",18.9,127,1,0,"none"
"184","bankruptcy",14.8,217,1,0,"none"
"185","bankruptcy",14.3,171,0,0,"none"
"186","bankruptcy",12.2,51,1,1,"boxes"
"187","bankruptcy",17.9,61,1,0,"none"
"188","houseing",10.1,85,1,1,"coinstack"
"189","houseing",13.7,99,1,0,"none"
"190","weather",16.9,147,1,1,"forest"
"191","weather",10.8,66,0,0,"none"
"192","bankruptcy",3.7,208,0,1,"boxes"
"193","weather",1.8,67,0,1,"forest"
"194","weather",5.4,55,0,1,"forest"
"195","weather",15.6,191,0,1,"forest"
"196","weather",2.5,133,0,0,"none"
"197","weather",5,59,1,1,"forest"
"198","weather",8,111,0,1,"forest"
"199","houseing",5.2,61,0,0,"none"
"200","weather",9.7,62,0,0,"none"
"201","houseing",10,186,0,1,"coinstack"
"202","bankruptcy",10.8,95,1,0,"none"
"203","houseing",3.3,82,1,1,"coinstack"
"204","weather",17,121,0,1,"forest"
"205","weather",10.6,94,0,0,"none"
"206","weather",13,64,1,1,"forest"
"207","bankruptcy",12.3,77,1,0,"none"
"208","weather",2.6,160,0,1,"forest"
"209","bankruptcy",1.1,64,0,0,"none"
"210","houseing",9.7,108,1,1,"coinstack"
"211","weather",18.9,159,1,0,"none"
"212","houseing",5.6,224,0,1,"coinstack"
"213","bankruptcy",16.1,175,0,0,"none"
"214","weather",13.8,75,0,0,"none"
"215","bankruptcy",4,216,0,0,"none"
"216","bankruptcy",7.3,66,0,1,"boxes"
"217","weather",12.6,141,1,0,"none"
"218","bankruptcy",4.8,82,0,1,"boxes"
"219","weather",19.8,231,0,1,"forest"
"220","bankruptcy",4.6,193,1,0,"none"
"221","houseing",3.6,152,1,1,"coinstack"
"222","bankruptcy",5.5,142,0,0,"none"
"223","houseing",17.3,111,1,0,"none"
"224","houseing",18.2,227,0,0,"none"
"225","houseing",15,68,0,0,"none"
"226","weather",5.7,141,1,1,"forest"
"227","bankruptcy",15.8,92,0,1,"boxes"
"228","houseing",14.3,186,1,0,"none"
"229","bankruptcy",10.7,147,0,1,"boxes"
"230","weather",7.8,199,1,0,"none"
"231","houseing",14.5,209,0,0,"none"
"232","houseing",2.7,102,0,1,"coinstack"
"233","houseing",17.3,201,1,1,"coinstack"
"234","weather",18.7,78,1,1,"forest"
"235","bankruptcy",6.2,56,0,0,"none"
"236","houseing",4.7,132,0,1,"coinstack"
"237","weather",11.1,184,0,1,"forest"
"238","weather",13.4,215,1,0,"none"
"239","houseing",4.3,81,1,0,"none"
"240","bankruptcy",3.2,147,0,1,"boxes"
"241","bankruptcy",18.8,64,1,0,"none"
"242","houseing",10.1,136,0,1,"coinstack"
"243","weather",0.6,207,1,0,"none"
"244","houseing",13,187,1,0,"none"
"245","bankruptcy",14.4,158,1,0,"none"
"246","weather",1.2,74,1,1,"forest"
"247","weather",17.8,74,1,0,"none"
"248","bankruptcy",1,116,1,1,"boxes"
"249","weather",5.2,62,1,0,"none"
"250","bankruptcy",8.3,108,0,0,"none"
"251","weather",18.5,67,1,0,"none"
"252","houseing",18.9,113,0,0,"none"
"253","houseing",12.8,51,0,0,"none"
"254","weather",1.4,145,1,0,"none"
"255","houseing",14.2,54,0,1,"coinstack"
"256","weather",10.2,61,0,1,"forest"
"257","weather",17.1,86,1,0,"none"
"258","weather",17.4,52,0,1,"forest"
"259","weather",16.3,82,0,1,"forest"
"260","bankruptcy",10.2,183,1,1,"boxes"
"261","weather",16.4,102,1,1,"forest"
"262","houseing",4.1,102,0,1,"coinstack"
"263","houseing",14.6,144,1,0,"none"
"264","houseing",8.5,128,1,0,"none"
"265","bankruptcy",5.4,144,1,0,"none"
"266","bankruptcy",8.6,86,1,0,"none"
"267","bankruptcy",16.1,97,0,1,"boxes"
"268","bankruptcy",1.1,149,1,0,"none"
"269","houseing",1.5,158,1,0,"none"
"270","houseing",16.9,74,0,1,"coinstack"
"271","weather",11.7,94,0,0,"none"
"272","houseing",9.9,53,0,1,"coinstack"
"273","weather",11.8,119,0,1,"forest"
"274","weather",9.4,236,1,1,"forest"
"275","bankruptcy",2.3,110,1,0,"none"
"276","bankruptcy",18.3,58,0,1,"boxes"
"277","houseing",6.2,169,1,1,"coinstack"
"278","houseing",5,151,0,0,"none"
"279","weather",1.1,57,0,0,"none"
"280","weather",19.1,117,1,0,"none"
"281","bankruptcy",12.8,89,0,0,"none"
"282","bankruptcy",2.1,248,0,0,"none"
"283","bankruptcy",15.5,51,0,1,"boxes"
"284","houseing",13.4,181,0,1,"coinstack"
"285","weather",13.7,241,0,1,"forest"
"286","weather",10.5,244,0,0,"none"
"287","houseing",8.6,207,0,0,"none"
"288","houseing",8,230,0,0,"none"
"289","houseing",6.2,70,0,1,"coinstack"
"290","weather",16.9,50,0,0,"none"
"291","houseing",17.8,224,0,0,"none"
"292","bankruptcy",8.9,74,0,1,"boxes"
"293","bankruptcy",9.6,133,0,0,"none"
"294","weather",15,100,0,0,"none"
"295","houseing",1.4,188,0,1,"coinstack"
"296","bankruptcy",3.5,86,1,1,"boxes"
"297","weather",12.9,159,1,1,"forest"
"298","houseing",16.8,91,1,1,"coinstack"
"299","bankruptcy",12.3,164,0,1,"boxes"
"300","bankruptcy",5,239,0,0,"none"
"301","houseing",10.4,73,1,1,"coinstack"
"302","houseing",16.1,99,0,0,"none"
"303","bankruptcy",9.5,53,0,0,"none"
"304","houseing",7.9,188,0,1,"coinstack"
"305","weather",18.5,84,1,1,"forest"
"306","houseing",1,117,1,1,"coinstack"
"307","weather",18.2,51,1,0,"none"
"308","houseing",8.9,115,1,0,"none"
"309","weather",3.5,102,1,0,"none"
"310","houseing",11.6,52,0,1,"coinstack"
"311","houseing",13.8,103,1,1,"coinstack"
"312","bankruptcy",5,177,0,1,"boxes"
"313","weather",6.6,110,0,0,"none"
"314","houseing",13.2,161,0,1,"coinstack"
"315","houseing",4,240,1,0,"none"
"316","weather",12.6,86,0,1,"forest"
"317","weather",4.8,129,1,0,"none"
"318","houseing",11.8,210,0,0,"none"
"319","bankruptcy",12.6,204,1,1,"boxes"
"320","weather",6.7,97,0,0,"none"
"321","houseing",15.6,164,1,0,"none"
"322","bankruptcy",9.5,120,0,0,"none"
"323","houseing",17.3,171,1,0,"none"
"324","weather",11.3,81,1,0,"none"
"325","bankruptcy",4.3,62,0,0,"none"
"326","weather",14.3,84,1,0,"none"
"327","bankruptcy",14.9,132,1,1,"boxes"
"328","houseing",1.5,71,1,0,"none"
"329","bankruptcy",4.7,76,0,1,"boxes"
"330","houseing",1.5,167,1,0,"none"
"331","houseing",12.7,78,0,1,"coinstack"
"332","weather",13,78,1,0,"none"
"333","weather",16.7,183,1,1,"forest"
"334","bankruptcy",5,58,0,1,"boxes"
"335","weather",19.2,160,0,0,"none"
"336","houseing",6.3,57,0,0,"none"
"337","houseing",2.7,195,1,0,"none"
"338","weather",16.9,78,0,0,"none"
"339","bankruptcy",14.2,73,0,1,"boxes"
"340","bankruptcy",8.2,193,1,1,"boxes"
"341","houseing",12.4,88,1,0,"none"
"342","bankruptcy",16.7,89,0,0,"none"
"343","bankruptcy",14.2,82,0,0,"none"
"344","bankruptcy",4.5,135,1,0,"none"
"345","houseing",9.5,212,1,0,"none"
"346","weather",11.6,75,1,1,"forest"
"347","bankruptcy",18.4,236,0,1,"boxes"
"348","bankruptcy",7.8,98,1,1,"boxes"
"349","weather",19.9,137,1,0,"none"
"350","houseing",4.4,57,0,0,"none"
"351","bankruptcy",3,56,0,1,"boxes"
"352","weather",8.4,130,0,1,"forest"
"353","bankruptcy",12.8,108,0,0,"none"
"354","weather",17.1,90,1,1,"forest"
"355","weather",17.1,102,0,0,"none"
"356","bankruptcy",17.4,154,0,0,"none"
"357","bankruptcy",14.1,82,1,0,"none"
"358","houseing",9.8,106,0,1,"coinstack"
"359","houseing",2.5,127,1,0,"none"
"360","bankruptcy",1,69,0,0,"none"
"361","weather",8.2,172,0,1,"forest"
"362","weather",13.9,195,0,0,"none"
"363","houseing",6.4,123,0,0,"none"
"364","houseing",18.8,104,0,0,"none"
"365","houseing",5.5,195,1,0,"none"
"366","weather",16.2,191,0,0,"none"
"367","bankruptcy",12.4,214,1,0,"none"
"368","bankruptcy",20,141,0,0,"none"
"369","bankruptcy",14.2,89,1,1,"boxes"
"370","houseing",9.2,70,1,1,"coinstack"
"371","houseing",6.4,214,1,0,"none"
"372","weather",1.4,237,1,0,"none"
"373","weather",11.5,139,0,1,"forest"
"374","bankruptcy",18.2,219,0,1,"boxes"
"375","bankruptcy",9.3,62,0,0,"none"
"376","bankruptcy",0.8,119,0,1,"boxes"
"377","bankruptcy",3.2,133,1,0,"none"
"378","bankruptcy",15.8,85,0,1,"boxes"
"379","bankruptcy",17.8,201,1,1,"boxes"
"380","bankruptcy",1.3,151,1,1,"boxes"
"381","bankruptcy",18.3,82,0,0,"none"
"382","bankruptcy",19.7,157,1,0,"none"
"383","weather",18.7,217,1,0,"none"
"384","houseing",14.9,230,0,1,"coinstack"
"385","weather",14.6,96,0,0,"none"
"386","houseing",15.8,54,1,1,"coinstack"
"387","weather",9.7,185,0,0,"none"
"388","houseing",17.9,76,0,1,"coinstack"
"389","bankruptcy",5.7,90,1,0,"none"
"390","bankruptcy",6.4,192,1,1,"boxes"
"391","weather",11.6,145,0,0,"none"
"392","bankruptcy",4,50,0,1,"boxes"
"393","bankruptcy",3.6,200,0,0,"none"
"394","houseing",19.4,249,0,1,"coinstack"
"395","weather",13.7,244,0,0,"none"
"396","bankruptcy",2,89,0,0,"none"
"397","houseing",19.3,174,1,1,"coinstack"
"398","weather",17.6,228,0,1,"forest"
"399","houseing",18.6,110,1,0,"none"
"400","weather",0.7,89,1,1,"forest"
"401","weather",12.2,111,0,0,"none"
"402","houseing",10.4,163,1,1,"coinstack"
"403","houseing",10.2,169,0,0,"none"
"404","weather",3.4,80,0,0,"none"
"405","weather",16.8,194,1,1,"forest"
"406","bankruptcy",4,197,0,1,"boxes"
"407","houseing",19.7,184,0,0,"none"
"408","weather",5.9,77,0,0,"none"
"409","weather",0.5,201,0,0,"none"
"410","weather",12.1,63,1,1,"forest"
"411","weather",7.2,131,1,0,"none"
"412","bankruptcy",0.9,53,1,0,"none"
"413","houseing",16.4,72,0,1,"coinstack"
"414","houseing",12.4,155,1,1,"coinstack"
"415","bankruptcy",3.1,227,1,1,"boxes"
"416","bankruptcy",13,51,1,1,"boxes"
"417","houseing",11.6,93,1,0,"none"
"418","weather",9.8,100,0,1,"forest"
"419","weather",12.8,74,0,0,"none"
"420","weather",5.6,186,0,1,"forest"
"421","bankruptcy",7.4,183,1,0,"none"
"422","houseing",15.3,55,1,1,"coinstack"
"423","houseing",13.4,99,0,0,"none"
"424","weather",15.7,64,1,1,"forest"
"425","houseing",9.1,92,1,1,"coinstack"
"426","bankruptcy",13.9,194,1,1,"boxes"
"427","weather",13.4,146,1,1,"forest"
"428","bankruptcy",10.1,151,0,0,"none"
"429","houseing",15.4,219,0,1,"coinstack"
"430","houseing",16.3,101,1,0,"none"
"431","weather",18.9,66,0,1,"forest"
"432","bankruptcy",13.9,62,1,0,"none"
"433","houseing",13.2,50,1,0,"none"
"434","bankruptcy",3.2,117,0,1,"boxes"
"435","weather",10.5,101,0,1,"forest"
"436","houseing",4.6,61,1,1,"coinstack"
"437","bankruptcy",16.8,75,0,0,"none"
"438","bankruptcy",0.7,58,1,0,"none"
"439","houseing",13.3,68,0,1,"coinstack"
"440","weather",13.2,53,1,0,"none"
"441","bankruptcy",15,97,0,0,"none"
"442","weather",10.1,215,0,1,"forest"
"443","bankruptcy",19.4,134,1,1,"boxes"
"444","bankruptcy",4.5,58,1,0,"none"
"445","weather",19.7,140,0,0,"none"
"446","weather",16.2,118,1,1,"forest"
"447","bankruptcy",2.1,190,1,1,"boxes"
"448","houseing",2,81,0,1,"coinstack"
"449","weather",10.6,165,1,0,"none"
"450","houseing",7.4,176,1,1,"coinstack"
"451","weather",0.6,192,0,0,"none"
"452","houseing",0.8,61,1,1,"coinstack"
"453","houseing",17.7,86,1,0,"none"
"454","bankruptcy",17.4,61,1,1,"boxes"
"455","houseing",5.1,126,0,1,"coinstack"
"456","bankruptcy",5.8,72,0,0,"none"
"457","weather",15.6,53,0,1,"forest"
"458","bankruptcy",12.7,84,1,0,"none"
"459","houseing",1.1,83,0,1,"coinstack"
"460","weather",16.4,82,0,0,"none"
"461","houseing",18.4,61,0,1,"coinstack"
"462","weather",17.7,67,1,1,"forest"
"463","houseing",6,236,1,1,"coinstack"
"464","bankruptcy",7.9,199,1,0,"none"
"465","houseing",13.7,58,1,1,"coinstack"
"466","houseing",4.9,174,0,0,"none"
"467","houseing",14.5,111,0,1,"coinstack"
"468","houseing",8.6,93,0,0,"none"
"469","bankruptcy",5.9,83,1,0,"none"
"470","weather",1.9,102,1,1,"forest"
"471","houseing",15.1,177,1,0,"none"
"472","houseing",5.8,52,1,0,"none"
"473","bankruptcy",13,157,0,0,"none"
"474","bankruptcy",2.5,92,1,1,"boxes"
"475","houseing",17,72,1,1,"coinstack"
"476","houseing",4.4,78,0,0,"none"
"477","weather",8.5,71,1,0,"none"
"478","bankruptcy",12.1,90,0,1,"boxes"
"479","bankruptcy",15.6,55,0,1,"boxes"
"480","bankruptcy",16.9,53,1,0,"none"
"481","bankruptcy",10.5,182,0,1,"boxes"
"482","houseing",20,51,1,0,"none"
"483","houseing",16.2,52,0,0,"none"
"484","houseing",9.9,118,0,0,"none"
"485","weather",14.8,56,0,1,"forest"
"486","bankruptcy",12,245,1,0,"none"
"487","bankruptcy",6.7,92,0,0,"none"
"488","bankruptcy",18.3,177,0,0,"none"
"489","houseing",7.6,112,0,0,"none"
"490","weather",9.4,224,1,0,"none"
"491","bankruptcy",8.6,80,0,0,"none"
"492","houseing",14.5,106,1,1,"coinstack"
"493","weather",11.2,230,1,0,"none"
"494","weather",13.9,140,1,0,"none"
"495","weather",1.8,178,1,0,"none"
"496","houseing",2.3,171,0,1,"coinstack"
"497","bankruptcy",18.7,198,1,1,"boxes"
"498","bankruptcy",15.2,96,0,0,"none"
"499","weather",3.9,60,0,0,"none"
"500","bankruptcy",19.7,210,1,1,"boxes"
"501","bankruptcy",12,126,1,0,"none"
"502","houseing",16,228,1,0,"none"
"503","weather",10.3,135,1,1,"forest"
"504","weather",12,229,1,0,"none"
"505","houseing",5.8,130,0,1,"coinstack"
"506","weather",19.9,98,1,1,"forest"
"507","houseing",3.1,141,1,0,"none"
"508","bankruptcy",1,181,0,1,"boxes"
"509","houseing",18.8,67,0,1,"coinstack"
"510","houseing",2.3,139,1,0,"none"
"511","houseing",15.1,59,0,0,"none"
"512","houseing",9.8,125,1,0,"none"
"513","weather",7.6,113,1,1,"forest"
"514","houseing",16.8,52,1,1,"coinstack"
"515","weather",19.3,99,1,0,"none"
"516","bankruptcy",9.4,228,1,1,"boxes"
"517","bankruptcy",11.7,69,0,1,"boxes"
"518","bankruptcy",6.2,80,1,1,"boxes"
"519","bankruptcy",13.6,202,0,1,"boxes"
"520","houseing",18.6,65,0,1,"coinstack"
"521","houseing",7.5,217,1,0,"none"
"522","houseing",7.6,52,1,1,"coinstack"
"523","weather",5.6,71,1,0,"none"
"524","bankruptcy",2.4,66,1,1,"boxes"
"525","bankruptcy",10.1,210,0,0,"none"
"526","weather",7.3,103,1,0,"none"
"527","bankruptcy",18.7,51,0,1,"boxes"
"528","bankruptcy",6.6,95,0,1,"boxes"
"529","houseing",0.8,130,0,1,"coinstack"
"530","bankruptcy",4.3,66,1,1,"boxes"
"531","weather",4.4,161,0,1,"forest"
"532","weather",11.9,198,0,0,"none"
"533","weather",19.7,73,0,0,"none"
"534","houseing",16.2,105,0,1,"coinstack"
"535","bankruptcy",17.3,247,1,1,"boxes"
"536","weather",7.8,234,0,0,"none"
"537","bankruptcy",14.5,191,0,1,"boxes"
"538","bankruptcy",5.7,141,0,1,"boxes"
"539","houseing",11.3,52,1,0,"none"
"540","weather",2.9,206,1,0,"none"
"541","bankruptcy",19.3,165,0,0,"none"
"542","houseing",7.4,94,1,0,"none"
"543","bankruptcy",19.6,134,0,0,"none"
"544","weather",8.3,92,1,0,"none"
"545","bankruptcy",2.4,118,1,1,"boxes"
"546","houseing",1.2,192,0,1,"coinstack"
"547","weather",4.7,110,0,0,"none"
"548","weather",17.6,184,0,1,"forest"
"549","houseing",4.4,116,1,1,"coinstack"
"550","houseing",16.2,144,0,1,"coinstack"
"551","bankruptcy",16.1,67,1,1,"boxes"
"552","bankruptcy",17.2,69,1,1,"boxes"
"553","houseing",11.6,93,1,1,"coinstack"
"554","weather",16.1,222,1,1,"forest"
"555","bankruptcy",12.1,84,0,1,"boxes"
"556","weather",9.6,201,1,1,"forest"
"557","weather",14.6,76,1,0,"none"
"558","bankruptcy",11.3,60,1,1,"boxes"
"559","houseing",0.7,105,0,0,"none"
"560","bankruptcy",13,125,1,0,"none"
"561","weather",3.9,66,1,0,"none"
"562","weather",16.3,174,1,0,"none"
"563","bankruptcy",2.8,101,0,1,"boxes"
"564","weather",11.1,224,0,1,"forest"
"565","houseing",18,231,0,1,"coinstack"
"566","bankruptcy",2.1,150,0,0,"none"
"567","weather",15.3,116,1,1,"forest"
"568","weather",15.9,187,0,1,"forest"
"569","houseing",19.8,70,0,1,"coinstack"
"570","bankruptcy",8.2,103,0,0,"none"
"571","bankruptcy",2.6,55,0,0,"none"
"572","weather",11.9,70,1,0,"none"
"573","bankruptcy",16.7,94,0,1,"boxes"
"574","bankruptcy",6.9,200,0,1,"boxes"
"575","weather",3.6,126,0,1,"forest"
"576","weather",15.8,60,1,1,"forest"
"577","houseing",19.3,86,0,0,"none"
"578","houseing",2,53,1,0,"none"
"579","weather",17.1,59,0,0,"none"
"580","houseing",1.3,112,1,0,"none"
"581","bankruptcy",8.5,106,1,0,"none"
"582","bankruptcy",9.4,147,0,1,"boxes"
"583","weather",16.1,219,1,0,"none"
"584","bankruptcy",8.5,104,1,0,"none"
"585","houseing",10.3,242,1,1,"coinstack"
"586","bankruptcy",7.2,113,0,1,"boxes"
"587","houseing",0.8,65,1,0,"none"
"588","weather",11.1,58,1,1,"forest"
"589","bankruptcy",1,167,1,1,"boxes"
"590","houseing",9.3,72,0,0,"none"
"591","bankruptcy",4.2,56,0,1,"boxes"
"592","weather",3.6,166,1,1,"forest"
"593","houseing",15.9,122,0,1,"coinstack"
"594","weather",8.3,82,0,1,"forest"
"595","houseing",7,88,1,1,"coinstack"
"596","weather",9.8,52,0,0,"none"
"597","houseing",17,105,0,1,"coinstack"
"598","weather",9.9,218,1,1,"forest"
"599","bankruptcy",11.2,56,0,1,"boxes"
"600","weather",9.3,90,1,1,"forest"
"601","houseing",14.9,75,0,0,"none"
"602","weather",18.1,81,1,0,"none"
"603","bankruptcy",11.2,162,0,1,"boxes"
"604","houseing",6.8,178,1,0,"none"
"605","bankruptcy",10.4,70,0,0,"none"
"606","bankruptcy",15.4,94,1,0,"none"
"607","weather",9.1,69,0,0,"none"
"608","houseing",10.9,227,0,1,"coinstack"
"609","weather",3.8,168,0,1,"forest"
"610","bankruptcy",7.8,166,1,1,"boxes"
"611","weather",13.9,210,1,1,"forest"
"612","weather",13.7,179,0,0,"none"
"613","weather",3.6,76,1,0,"none"
"614","bankruptcy",5.2,183,1,0,"none"
"615","weather",17.6,84,0,1,"forest"
"616","weather",14,217,0,1,"forest"
"617","houseing",11.8,114,1,1,"coinstack"
"618","bankruptcy",12,238,1,0,"none"
"619","bankruptcy",17.3,101,0,0,"none"
"620","weather",10.9,193,1,0,"none"
"621","bankruptcy",11.5,109,1,1,"boxes"
"622","weather",12.3,87,1,1,"forest"
"623","houseing",7.7,162,0,1,"coinstack"
"624","houseing",11.4,55,0,1,"coinstack"
"625","houseing",8.3,209,1,0,"none"
"626","bankruptcy",13.5,168,0,0,"none"
"627","houseing",18.6,58,1,0,"none"
"628","bankruptcy",6.5,82,0,0,"none"
"629","weather",19.6,219,0,1,"forest"
"630","weather",9.4,152,1,0,"none"
"631","weather",10.6,152,1,0,"none"
"632","bankruptcy",6,152,0,1,"boxes"
"633","weather",19.9,144,0,1,"forest"
"634","weather",16.2,132,0,1,"forest"
"635","houseing",12.8,193,0,0,"none"
"636","bankruptcy",11.9,193,0,1,"boxes"
"637","bankruptcy",16.2,241,1,0,"none"
"638","houseing",9.7,132,1,0,"none"
"639","houseing",11.7,82,1,0,"none"
"640","bankruptcy",4,127,0,0,"none"
"641","weather",1.9,56,0,1,"forest"
"642","bankruptcy",2.1,144,0,0,"none"
"643","bankruptcy",13.1,71,0,0,"none"
"644","bankruptcy",16.2,95,1,0,"none"
"645","bankruptcy",8.3,52,1,1,"boxes"
"646","bankruptcy",5.7,230,1,1,"boxes"
"647","bankruptcy",19.2,61,1,1,"boxes"
"648","houseing",4.8,62,1,1,"coinstack"
"649","bankruptcy",5,94,0,0,"none"
"650","houseing",14.2,68,1,0,"none"
"651","houseing",18.9,65,0,1,"coinstack"
"652","weather",13.8,114,1,0,"none"
"653","houseing",12,163,1,0,"none"
"654","weather",7.7,68,1,1,"forest"
"655","weather",3,139,0,0,"none"
"656","weather",4.3,91,0,0,"none"
"657","weather",13,181,0,0,"none"
"658","houseing",12.3,55,0,0,"none"
"659","houseing",19,142,1,1,"coinstack"
"660","bankruptcy",5.7,176,0,0,"none"
"661","bankruptcy",5.6,171,1,1,"boxes"
"662","houseing",1.3,56,0,1,"coinstack"
"663","bankruptcy",17.3,59,1,1,"boxes"
"664","weather",19.4,80,1,0,"none"
"665","bankruptcy",4.4,228,0,0,"none"
"666","weather",10.7,106,0,1,"forest"
"667","houseing",19,163,0,1,"coinstack"
"668","bankruptcy",4,78,1,0,"none"
"669","bankruptcy",16.2,179,1,1,"boxes"
"670","weather",8.2,127,1,0,"none"
"671","bankruptcy",5.6,206,1,0,"none"
"672","weather",12.9,50,1,1,"forest"
"673","houseing",9.7,73,0,1,"coinstack"
"674","weather",16.3,142,0,1,"forest"
"675","bankruptcy",19.2,53,1,1,"boxes"
"676","weather",16.3,53,0,0,"none"
"677","weather",8.5,247,1,1,"forest"
"678","weather",12.3,124,0,1,"forest"
"679","houseing",12.5,101,0,0,"none"
"680","bankruptcy",4.4,141,0,0,"none"
"681","weather",18.5,106,1,1,"forest"
"682","bankruptcy",11.2,211,0,0,"none"
"683","weather",13.3,171,0,0,"none"
"684","bankruptcy",9.9,106,0,0,"none"
"685","houseing",15.1,240,1,0,"none"
"686","weather",19.6,86,1,0,"none"
"687","bankruptcy",3.5,125,0,1,"boxes"
"688","bankruptcy",13.6,83,0,1,"boxes"
"689","houseing",3.2,124,1,0,"none"
"690","weather",12.9,64,1,1,"forest"
"691","weather",10.9,63,0,1,"forest"
"692","weather",18.2,151,0,0,"none"
"693","houseing",4.1,154,1,0,"none"
"694","houseing",15,77,1,0,"none"
"695","weather",20,57,0,1,"forest"
"696","houseing",1.2,182,0,1,"coinstack"
"697","houseing",5.8,64,1,1,"coinstack"
"698","bankruptcy",16.5,82,1,0,"none"
"699","bankruptcy",13.9,195,0,0,"none"
"700","weather",7.9,69,0,1,"forest"
"701","houseing",10,50,0,1,"coinstack"
"702","bankruptcy",7.3,50,1,1,"boxes"
"703","bankruptcy",18.4,247,1,0,"none"
"704","houseing",12.9,121,0,0,"none"
"705","houseing",13.2,135,1,0,"none"
"706","bankruptcy",11,80,1,0,"none"
"707","houseing",6.1,157,0,0,"none"
"708","bankruptcy",3.4,135,1,0,"none"
"709","weather",4.3,165,1,1,"forest"
"710","houseing",9.8,99,0,1,"coinstack"
"711","bankruptcy",17.3,151,0,0,"none"
"712","houseing",1.2,166,1,1,"coinstack"
"713","weather",4,118,0,1,"forest"
"714","weather",17.5,66,0,1,"forest"
"715","bankruptcy",11.1,76,1,0,"none"
"716","weather",0.5,112,0,0,"none"
"717","houseing",17.2,61,0,0,"none"
"718","houseing",7.7,173,1,0,"none"
"719","weather",1.5,120,0,1,"forest"
"720","houseing",2.7,76,1,0,"none"
"721","bankruptcy",5.1,59,1,1,"boxes"
"722","houseing",18.5,216,1,0,"none"
"723","weather",19.3,81,1,1,"forest"
"724","bankruptcy",16.4,216,1,0,"none"
"725","weather",5.6,51,0,1,"forest"
"726","houseing",19.5,108,1,1,"coinstack"
"727","bankruptcy",1,146,0,0,"none"
"728","weather",4.5,87,0,1,"forest"
"729","weather",4.3,105,1,0,"none"
"730","houseing",12.9,73,1,1,"coinstack"
"731","weather",11.8,171,0,0,"none"
"732","weather",9.9,111,0,0,"none"
"733","bankruptcy",5.3,77,0,1,"boxes"
"734","weather",13.6,86,1,1,"forest"
"735","bankruptcy",2.2,80,0,1,"boxes"
"736","houseing",8.6,69,1,0,"none"
"737","weather",15.9,153,0,0,"none"
"738","weather",14.5,209,1,0,"none"
"739","houseing",8.3,119,0,1,"coinstack"
"740","houseing",6.7,58,1,1,"coinstack"
"741","weather",2.5,105,1,1,"forest"
"742","weather",8.4,58,0,1,"forest"
"743","houseing",15.6,72,1,0,"none"
"744","weather",14.8,76,0,0,"none"
"745","houseing",17.7,105,1,0,"none"
"746","bankruptcy",4.6,79,1,1,"boxes"
"747","bankruptcy",8.9,109,1,0,"none"
"748","bankruptcy",15.9,82,0,1,"boxes"
"749","bankruptcy",16.9,61,1,0,"none"
"750","weather",2.3,61,0,0,"none"
"751","houseing",4.3,109,1,0,"none"
"752","houseing",4.4,165,1,1,"coinstack"
"753","bankruptcy",9.3,56,1,0,"none"
"754","weather",16.1,106,1,0,"none"
"755","weather",4.1,67,1,1,"forest"
"756","houseing",19.7,139,0,1,"coinstack"
"757","weather",15.5,89,1,0,"none"
"758","weather",14.7,74,0,0,"none"
"759","bankruptcy",1.3,65,1,0,"none"
"760","houseing",12.7,184,1,0,"none"
"761","weather",12.5,222,0,1,"forest"
"762","weather",0.7,85,0,1,"forest"
"763","bankruptcy",6.8,135,0,0,"none"
"764","houseing",12.2,167,0,0,"none"
"765","weather",9.9,78,0,0,"none"
"766","weather",15.6,66,0,1,"forest"
"767","houseing",11.9,150,1,0,"none"
"768","weather",19.1,70,1,0,"none"
"769","houseing",4.5,93,0,1,"coinstack"
"770","houseing",4.6,89,0,0,"none"
"771","weather",5.9,224,1,0,"none"
"772","houseing",2.3,126,0,0,"none"
"773","weather",10.3,58,1,0,"none"
"774","bankruptcy",10.8,55,0,0,"none"
"775","weather",18.2,97,0,0,"none"
"776","bankruptcy",2.2,150,1,1,"boxes"
"777","weather",18.3,66,1,0,"none"
"778","weather",8.8,99,0,0,"none"
"779","bankruptcy",9.6,64,1,1,"boxes"
"780","houseing",5.4,100,0,0,"none"
"781","bankruptcy",18.7,63,1,1,"boxes"
"782","bankruptcy",9.3,172,0,0,"none"
"783","weather",7.2,59,0,1,"forest"
"784","houseing",10.4,142,0,0,"none"
"785","weather",17.6,85,1,0,"none"
"786","bankruptcy",12.7,110,0,1,"boxes"
"787","bankruptcy",6.8,223,1,1,"boxes"
"788","weather",7.3,62,1,1,"forest"
"789","bankruptcy",2.1,62,1,1,"boxes"
"790","weather",13.6,87,1,1,"forest"
"791","weather",11.8,66,0,0,"none"
"792","bankruptcy",15.9,56,0,1,"boxes"
"793","bankruptcy",19.6,50,1,1,"boxes"
"794","weather",6.8,92,0,1,"forest"
"795","bankruptcy",15.8,246,1,0,"none"
"796","weather",7.5,228,1,0,"none"
"797","weather",0.7,217,0,0,"none"
"798","houseing",9.9,88,0,1,"coinstack"
"799","weather",4.1,97,0,0,"none"
"800","bankruptcy",12.5,106,1,1,"boxes"
"801","weather",10.5,110,0,1,"forest"
"802","weather",11.2,119,1,0,"none"
"803","bankruptcy",5.4,164,0,1,"boxes"
"804","houseing",7.6,129,0,1,"coinstack"
"805","houseing",11.2,149,1,1,"coinstack"
"806","weather",6.4,141,0,1,"forest"
"807","weather",9.9,105,0,0,"none"
"808","bankruptcy",17.7,167,1,0,"none"
"809","bankruptcy",12.3,168,0,1,"boxes"
"810","weather",14.8,66,0,1,"forest"
"811","bankruptcy",0.9,86,1,1,"boxes"
"812","bankruptcy",2.6,69,1,1,"boxes"
"813","weather",15.9,113,1,0,"none"
"814","houseing",14.4,66,0,0,"none"
"815","houseing",16.5,190,0,0,"none"
"816","bankruptcy",9.5,174,0,1,"boxes"
"817","bankruptcy",10.4,206,1,1,"boxes"
"818","houseing",5.2,172,0,0,"none"
"819","weather",18.1,65,1,0,"none"
"820","bankruptcy",4.5,73,1,1,"boxes"
"821","houseing",13.7,114,0,0,"none"
"822","weather",9.2,69,0,1,"forest"
"823","bankruptcy",8.3,183,0,0,"none"
"824","houseing",11.9,204,0,1,"coinstack"
"825","houseing",9.9,151,1,1,"coinstack"
"826","weather",19.1,155,1,0,"none"
"827","weather",3.7,154,0,1,"forest"
"828","houseing",3.8,190,1,1,"coinstack"
"829","weather",3,98,1,1,"forest"
"830","bankruptcy",3.8,117,0,0,"none"
"831","weather",9.7,87,1,0,"none"
"832","bankruptcy",9.8,145,0,1,"boxes"
"833","houseing",10.2,54,0,1,"coinstack"
"834","weather",3.6,170,0,0,"none"
"835","bankruptcy",9.3,138,0,1,"boxes"
"836","houseing",1.5,93,0,1,"coinstack"
"837","weather",0.5,50,0,0,"none"
"838","bankruptcy",7.8,80,1,1,"boxes"
"839","houseing",18.3,170,1,0,"none"
"840","bankruptcy",4.4,121,1,1,"boxes"
"841","bankruptcy",15.3,237,0,0,"none"
"842","houseing",10.8,98,0,0,"none"
"843","bankruptcy",3.2,127,0,1,"boxes"
"844","bankruptcy",5.5,141,1,1,"boxes"
"845","houseing",1.3,230,0,1,"coinstack"
"846","bankruptcy",18.4,130,1,0,"none"
"847","bankruptcy",1.4,82,0,1,"boxes"
"848","houseing",8.5,249,1,1,"coinstack"
"849","bankruptcy",8.9,106,0,0,"none"
"850","houseing",6.4,245,0,0,"none"
"851","bankruptcy",17.6,233,0,1,"boxes"
"852","houseing",13.7,169,1,0,"none"
"853","houseing",0.5,75,0,0,"none"
"854","weather",9.9,215,1,0,"none"
"855","bankruptcy",18,88,1,0,"none"
"856","weather",6.5,191,1,1,"forest"
"857","weather",18.1,56,0,1,"forest"
"858","weather",10.3,70,0,0,"none"
"859","houseing",2.3,138,0,0,"none"
"860","weather",3.4,112,1,1,"forest"
"861","bankruptcy",5.7,51,0,0,"none"
"862","weather",1.2,244,1,1,"forest"
"863","bankruptcy",0.5,172,0,1,"boxes"
"864","bankruptcy",17.7,84,0,0,"none"
"865","bankruptcy",16.9,55,1,1,"boxes"
"866","bankruptcy",1.6,233,1,1,"boxes"
"867","weather",2.1,56,0,0,"none"
"868","weather",10.9,64,0,0,"none"
"869","bankruptcy",19.8,63,1,0,"none"
"870","houseing",17,123,1,1,"coinstack"
"871","houseing",3,159,0,0,"none"
"872","weather",5.6,51,0,1,"forest"
"873","houseing",5.6,102,0,0,"none"
"874","weather",18.8,188,1,1,"forest"
"875","houseing",2.6,80,1,1,"coinstack"
"876","weather",8.7,64,1,0,"none"
"877","bankruptcy",20,92,1,1,"boxes"
"878","bankruptcy",3,213,0,0,"none"
"879","weather",4.7,132,1,0,"none"
"880","houseing",1.7,69,0,1,"coinstack"
"881","houseing",11.2,127,0,1,"coinstack"
"882","bankruptcy",5.3,225,1,0,"none"
"883","weather",19.7,65,1,0,"none"
"884","weather",14.9,190,0,0,"none"
"885","weather",11.1,78,0,1,"forest"
"886","weather",5.4,101,0,1,"forest"
"887","houseing",13.4,87,0,1,"coinstack"
"888","houseing",19.7,62,0,1,"coinstack"
"889","bankruptcy",15.3,239,1,0,"none"
"890","weather",17.5,158,0,1,"forest"
"891","weather",11.6,179,0,0,"none"
"892","houseing",17.1,233,1,1,"coinstack"
"893","weather",18.6,116,0,0,"none"
"894","bankruptcy",11,188,0,1,"boxes"
"895","houseing",1.6,55,1,1,"coinstack"
"896","bankruptcy",18.4,140,0,0,"none"
"897","weather",4.3,156,1,0,"none"
"898","houseing",2.2,68,0,0,"none"
"899","houseing",1.1,104,1,1,"coinstack"
"900","weather",2.8,97,0,1,"forest"
"901","bankruptcy",13.9,121,1,0,"none"
"902","houseing",18.4,127,0,0,"none"
"903","bankruptcy",11.9,85,0,0,"none"
"904","houseing",9.6,209,1,1,"coinstack"
"905","bankruptcy",16.5,60,1,0,"none"
"906","houseing",14.1,66,1,0,"none"
"907","weather",9.4,178,0,0,"none"
"908","bankruptcy",2.4,109,1,1,"boxes"
"909","houseing",7.7,53,1,0,"none"
"910","houseing",10.4,71,0,0,"none"
"911","bankruptcy",8.3,173,0,0,"none"
"912","bankruptcy",18.5,51,1,0,"none"
"913","weather",14.1,68,1,0,"none"
"914","houseing",17.5,89,0,0,"none"
"915","weather",12.7,54,0,1,"forest"
"916","bankruptcy",13.6,162,0,1,"boxes"
"917","weather",13.4,130,1,0,"none"
"918","bankruptcy",5.1,79,0,1,"boxes"
"919","houseing",8.4,78,1,1,"coinstack"
"920","weather",11.8,98,1,1,"forest"
"921","houseing",5.5,129,1,0,"none"
"922","bankruptcy",13.7,71,0,0,"none"
"923","houseing",4.7,81,1,1,"coinstack"
"924","bankruptcy",9.4,112,1,0,"none"
"925","houseing",9,188,1,0,"none"
"926","bankruptcy",12.6,75,1,0,"none"
"927","houseing",19.2,170,1,0,"none"
"928","bankruptcy",5.2,149,0,0,"none"
"929","houseing",8.8,134,1,0,"none"
"930","houseing",14.4,57,1,1,"coinstack"
"931","bankruptcy",13.1,119,0,0,"none"
"932","houseing",16.6,221,1,0,"none"
"933","houseing",0.6,118,1,0,"none"
"934","bankruptcy",14.8,137,1,0,"none"
"935","bankruptcy",11.1,118,1,0,"none"
"936","bankruptcy",3.4,72,1,1,"boxes"
"937","bankruptcy",12.7,206,0,0,"none"
"938","houseing",17,76,1,1,"coinstack"
"939","houseing",4.9,104,1,0,"none"
"940","bankruptcy",0.8,164,1,1,"boxes"
"941","bankruptcy",13.9,211,0,1,"boxes"
"942","weather",16,235,1,1,"forest"
"943","houseing",2.8,60,1,1,"coinstack"
"944","bankruptcy",17.3,63,1,0,"none"
"945","weather",1.5,88,0,0,"none"
"946","houseing",8.9,73,0,1,"coinstack"
"947","weather",9,86,0,0,"none"
"948","bankruptcy",13.7,157,1,1,"boxes"
"949","weather",4.1,191,0,0,"none"
"950","houseing",7.7,62,0,1,"coinstack"
"951","weather",2.5,58,0,0,"none"
"952","houseing",2.1,96,1,1,"coinstack"
"953","bankruptcy",4.6,96,0,0,"none"
"954","bankruptcy",11.5,70,0,1,"boxes"
"955","houseing",18.5,150,0,0,"none"
"956","bankruptcy",10.7,144,1,0,"none"
"957","houseing",9.9,51,1,0,"none"
"958","weather",15,234,0,1,"forest"
"959","houseing",17.8,86,0,1,"coinstack"
"960","weather",17.6,149,1,1,"forest"
"961","weather",16,59,0,0,"none"
"962","bankruptcy",15.3,138,0,1,"boxes"
"963","weather",13.6,115,0,1,"forest"
"964","bankruptcy",12.5,66,0,0,"none"
"965","bankruptcy",8.4,196,0,0,"none"
"966","houseing",8.9,59,0,1,"coinstack"
"967","houseing",1.5,114,0,1,"coinstack"
"968","weather",9.7,87,1,0,"none"
"969","bankruptcy",17.5,93,0,1,"boxes"
"970","bankruptcy",6.8,211,0,0,"none"
"971","weather",11.5,142,0,1,"forest"
"972","weather",1.9,164,1,0,"none"
"973","houseing",5.5,195,1,0,"none"
"974","bankruptcy",2.8,172,0,1,"boxes"
"975","weather",1.3,65,0,0,"none"
"976","weather",4.9,77,1,0,"none"
"977","bankruptcy",16.4,154,1,0,"none"
"978","weather",19.7,168,1,1,"forest"
"979","bankruptcy",3.7,89,0,1,"boxes"
"980","weather",16.3,61,1,0,"none"
"981","houseing",19,240,1,1,"coinstack"
"982","bankruptcy",6.3,110,0,1,"boxes"
"983","bankruptcy",1,110,0,1,"boxes"
"984","houseing",8.1,205,1,1,"coinstack"
"985","weather",5.6,92,0,0,"none"
"986","weather",9.6,233,1,1,"forest"
"987","weather",9.7,99,1,0,"none"
"988","weather",19.5,83,1,1,"forest"
"989","weather",19.1,57,0,1,"forest"
"990","weather",18.6,109,1,0,"none"
"991","houseing",3.5,216,1,1,"coinstack"
"992","weather",15.1,187,1,1,"forest"
"993","bankruptcy",4.4,191,1,1,"boxes"
"994","weather",11.6,84,0,1,"forest"
"995","weather",2.6,56,0,1,"forest"
"996","weather",16.3,123,0,1,"forest"
"997","weather",14.4,161,1,1,"forest"
"998","weather",14.9,197,1,0,"none"
"999","bankruptcy",12.2,61,0,1,"boxes"
"1000","weather",18.6,67,0,1,"forest"
